"","F0","masker","threshold","sd","subj","experiment"
"32","280","GEOM",9.375,1.32876823,"x04","Exp1a"
"33","1400","ISO",1.5,0.93541435,"x04","Exp1a"
"34","280","ISO",3.125,1.85825859,"x04","Exp1a"
"35","1400","GEOM",13.125,1.17924764,"x04","Exp1a"
"36","1400","ISO",8.125,1.66301684,"x04","Exp1a"
"37","1400","GEOM",3.875,1.58607219,"x04","Exp1a"
"38","280","GEOM",12.125,1.17924764,"x04","Exp1a"
"39","280","ISO",6.375,1.00778222,"x04","Exp1a"
"40","1400","ISO",-1.75,0.8291562,"x04","Exp1a"
"41","280","GEOM",11.875,1.125,"x04","Exp1a"
"42","1400","GEOM",13.25,0.96824584,"x04","Exp1a"
"43","280","ISO",2.125,0.71807033,"x04","Exp1a"
"44","280","GEOM",13.75,1.03077641,"x04","Exp1a"
"45","1400","GEOM",13.75,0.70710678,"x04","Exp1a"
"46","280","ISO",3.125,0.80039053,"x04","Exp1a"
"47","1400","ISO",9.625,0.9437293,"x04","Exp1a"
"48","280","GEOM",6.25,1.06066017,"x04","Exp1a"
"49","280","ISO",0.875,1.70018381,"x04","Exp1a"
"50","1400","ISO",5.375,2.13965535,"x04","Exp1a"
"51","1400","GEOM",12.25,1.11803399,"x04","Exp1a"
"52","1400","GEOM",12.75,0.70710678,"x04","Exp1a"
"53","1400","ISO",-0.75,0.55901699,"x04","Exp1a"
"54","280","GEOM",9.875,0.6731456,"x04","Exp1a"
"55","280","ISO",-0.375,1.39754249,"x04","Exp1a"
"56","1400","ISO",3.625,3.84260654,"x04","Exp1a"
"57","280","GEOM",5.375,1.32876823,"x04","Exp1a"
"58","280","ISO",5.375,0.5153882,"x04","Exp1a"
"59","1400","GEOM",12.25,1.5411035,"x04","Exp1a"
"60","1400","GEOM",12.125,0.80039053,"x05","Exp1a"
"61","1400","ISO",5.375,1.39754249,"x05","Exp1a"
"62","280","ISO",2,1.27475488,"x05","Exp1a"
"63","280","GEOM",12.125,1.00778222,"x05","Exp1a"
"64","280","ISO",-0.75,0.70710678,"x05","Exp1a"
"65","280","GEOM",10.375,1.71846589,"x05","Exp1a"
"66","1400","GEOM",10.125,0.80039053,"x05","Exp1a"
"67","1400","ISO",7.5,0.93541435,"x05","Exp1a"
"68","280","GEOM",6.25,0.61237244,"x05","Exp1a"
"69","1400","ISO",9.5,0.55901699,"x05","Exp1a"
"70","280","ISO",-0.375,0.6731456,"x05","Exp1a"
"71","1400","GEOM",13.375,0.6731456,"x05","Exp1a"
"72","1400","ISO",5.875,1.28086885,"x05","Exp1a"
"73","1400","GEOM",12.125,0.71807033,"x05","Exp1a"
"74","280","ISO",0.125,0.5153882,"x05","Exp1a"
"75","280","GEOM",5.375,0.6731456,"x05","Exp1a"
"76","280","ISO",1,0.61237244,"x05","Exp1a"
"77","1400","GEOM",13.375,1.32876823,"x05","Exp1a"
"78","280","GEOM",5.25,1.47901995,"x05","Exp1a"
"79","1400","ISO",9.5,1.60078106,"x05","Exp1a"
"80","1400","GEOM",11.375,1.70018381,"x05","Exp1a"
"81","280","GEOM",5.625,0.5153882,"x05","Exp1a"
"82","1400","ISO",6.875,0.5153882,"x05","Exp1a"
"83","280","ISO",2.125,0.9437293,"x05","Exp1a"
"84","1400","ISO",5.75,0.93541435,"x05","Exp1a"
"85","280","ISO",1.625,1.25623445,"x05","Exp1a"
"86","280","GEOM",9.5,0.55901699,"x05","Exp1a"
"87","1400","GEOM",11.375,1.17924764,"x05","Exp1a"
"116","280","ISO",-4.375,1.25623445,"x08","Exp1a"
"117","1400","GEOM",2.5,0.96824584,"x08","Exp1a"
"118","1400","ISO",3,1.11803399,"x08","Exp1a"
"119","280","GEOM",1.5,0.55901699,"x08","Exp1a"
"120","280","ISO",-4.875,1.25623445,"x08","Exp1a"
"121","1400","GEOM",3.375,0.5153882,"x08","Exp1a"
"122","280","GEOM",0.625,0.71807033,"x08","Exp1a"
"123","1400","ISO",2.5,2.44948974,"x08","Exp1a"
"124","280","GEOM",-1.25,1.5,"x08","Exp1a"
"125","280","ISO",-4.25,1.06066017,"x08","Exp1a"
"126","1400","ISO",1.875,2.42706098,"x08","Exp1a"
"127","1400","GEOM",4.5,0.93541435,"x08","Exp1a"
"128","1400","ISO",3.5,1.11803399,"x08","Exp1a"
"129","1400","GEOM",4.125,0.80039053,"x08","Exp1a"
"130","280","ISO",-3.5,0.96824584,"x08","Exp1a"
"131","280","GEOM",1.25,0.55901699,"x08","Exp1a"
"132","1400","ISO",4.75,0.8660254,"x08","Exp1a"
"133","280","ISO",-4.5,0.93541435,"x08","Exp1a"
"134","280","GEOM",0.125,0.80039053,"x08","Exp1a"
"135","1400","GEOM",3.5,0.8291562,"x08","Exp1a"
"136","280","GEOM",0.25,1.5612495,"x08","Exp1a"
"137","1400","GEOM",3,0.55901699,"x08","Exp1a"
"138","280","ISO",-5.75,0.61237244,"x08","Exp1a"
"139","1400","ISO",2,1.11803399,"x08","Exp1a"
"140","280","ISO",-7,0.93541435,"x08","Exp1a"
"141","1400","ISO",4.125,0.80039053,"x08","Exp1a"
"142","1400","GEOM",0.5,0.8291562,"x08","Exp1a"
"143","280","GEOM",-2.125,1.09687055,"x08","Exp1a"
"144","280","GEOM",11.25,1.03077641,"x09","Exp1a"
"145","1400","ISO",5.875,4.09458484,"x09","Exp1a"
"146","280","ISO",-2.625,0.80039053,"x09","Exp1a"
"147","1400","GEOM",6.5,0.8291562,"x09","Exp1a"
"148","280","ISO",-3.5,1.36930639,"x09","Exp1a"
"149","280","GEOM",2,0.8291562,"x09","Exp1a"
"150","1400","GEOM",7,0.61237244,"x09","Exp1a"
"151","1400","ISO",4.25,1.92028644,"x09","Exp1a"
"152","1400","GEOM",2,0.8291562,"x09","Exp1a"
"153","1400","ISO",3,1.11803399,"x09","Exp1a"
"154","280","GEOM",9.5,3.69120577,"x09","Exp1a"
"155","280","ISO",-0.625,0.80039053,"x09","Exp1a"
"156","1400","GEOM",6.75,1.3462912,"x09","Exp1a"
"157","280","GEOM",2.375,1.17924764,"x09","Exp1a"
"158","280","ISO",-1.375,1.09687055,"x09","Exp1a"
"159","1400","ISO",2.125,2.23955911,"x09","Exp1a"
"160","1400","GEOM",3.125,1.00778222,"x09","Exp1a"
"161","1400","ISO",3.5,1.11803399,"x09","Exp1a"
"162","280","ISO",-1.625,0.71807033,"x09","Exp1a"
"163","280","GEOM",12.125,0.71807033,"x09","Exp1a"
"164","280","GEOM",11.375,1.125,"x09","Exp1a"
"165","1400","GEOM",4.75,1.5612495,"x09","Exp1a"
"166","1400","ISO",2.625,2.91815438,"x09","Exp1a"
"167","280","ISO",0.375,0.91001374,"x09","Exp1a"
"168","1400","GEOM",4.5,1.11803399,"x09","Exp1a"
"169","280","ISO",-0.75,0.8291562,"x09","Exp1a"
"170","1400","ISO",5.875,1.66301684,"x09","Exp1a"
"171","280","GEOM",0.5,0.55901699,"x09","Exp1a"
"312","1400","GEOM",8.375,1.25623445,"x25","Exp1a"
"313","1400","ISO",12.375,1.58607219,"x25","Exp1a"
"314","280","ISO",2.25,1.60078106,"x25","Exp1a"
"315","280","GEOM",6.375,2.34853678,"x25","Exp1a"
"316","280","ISO",-1.75,0.93541435,"x25","Exp1a"
"317","280","GEOM",4.5,0.55901699,"x25","Exp1a"
"318","1400","ISO",4.5,1.3462912,"x25","Exp1a"
"319","1400","GEOM",12.625,0.5153882,"x25","Exp1a"
"320","1400","ISO",5.125,0.375,"x25","Exp1a"
"321","1400","GEOM",12.95833333,0.9619497,"x25","Exp1a"
"322","280","ISO",-3,1.11803399,"x25","Exp1a"
"323","280","GEOM",7.875,1.17924764,"x25","Exp1a"
"324","280","ISO",-2.5,0.55901699,"x25","Exp1a"
"325","1400","ISO",8.625,1.90804219,"x25","Exp1a"
"326","280","GEOM",12.5,1.5,"x25","Exp1a"
"327","1400","GEOM",12.5,1.36930639,"x25","Exp1a"
"328","280","GEOM",4.25,1.3462912,"x25","Exp1a"
"329","1400","ISO",1.125,1.90804219,"x25","Exp1a"
"331","280","ISO",-1.625,1.28086885,"x25","Exp1a"
"332","280","GEOM",5.375,0.5153882,"x25","Exp1a"
"333","280","ISO",-1.5,1.03077641,"x25","Exp1a"
"334","1400","ISO",6.875,1.39754249,"x25","Exp1a"
"335","1400","GEOM",8.25,2.82842712,"x25","Exp1a"
"336","280","ISO",-2.875,0.80039053,"x25","Exp1a"
"337","280","GEOM",11.25,1.6583124,"x25","Exp1a"
"338","1400","ISO",7.375,0.375,"x25","Exp1a"
"339","1400","GEOM",14.125,0.57282196,"x25","Exp1a"
"368","1400","GEOM",0.375,1.32876823,"x27","Exp1a"
"369","1400","ISO",-2.5,1.96850197,"x27","Exp1a"
"370","280","GEOM",0.375,1.00778222,"x27","Exp1a"
"371","280","ISO",-4.625,0.375,"x27","Exp1a"
"372","1400","ISO",-4.875,0.6731456,"x27","Exp1a"
"373","280","GEOM",-1.75,0.70710678,"x27","Exp1a"
"374","1400","GEOM",-0.75,1.47901995,"x27","Exp1a"
"375","280","ISO",-7.5,1.41421356,"x27","Exp1a"
"376","280","GEOM",1.5,0.55901699,"x27","Exp1a"
"377","1400","ISO",-4.75,1.11803399,"x27","Exp1a"
"378","1400","GEOM",1.25,1.76776695,"x27","Exp1a"
"379","280","ISO",-5.125,0.80039053,"x27","Exp1a"
"380","1400","ISO",-1.375,1.66301684,"x27","Exp1a"
"381","1400","GEOM",2.125,0.71807033,"x27","Exp1a"
"382","280","ISO",-5.375,0.9437293,"x27","Exp1a"
"383","280","GEOM",0.625,1.125,"x27","Exp1a"
"384","280","ISO",-2.375,0.375,"x27","Exp1a"
"385","1400","GEOM",-1.375,0.80039053,"x27","Exp1a"
"386","1400","ISO",-4.5,0.93541435,"x27","Exp1a"
"387","280","GEOM",-0.75,0.93541435,"x27","Exp1a"
"388","280","GEOM",-0.125,0.375,"x27","Exp1a"
"389","1400","GEOM",-0.875,0.71807033,"x27","Exp1a"
"390","280","ISO",-5.625,1.00778222,"x27","Exp1a"
"391","1400","ISO",-2.875,1.46308749,"x27","Exp1a"
"392","1400","ISO",-5.625,1.32876823,"x27","Exp1a"
"393","1400","GEOM",-2.625,1.46308749,"x27","Exp1a"
"394","280","ISO",-5.875,0.80039053,"x27","Exp1a"
"395","280","GEOM",-2.875,0.80039053,"x27","Exp1a"
"396","1400","ISO",0.125,0.80039053,"x30","Exp1a"
"397","1400","GEOM",4.125,1.00778222,"x30","Exp1a"
"398","280","ISO",-3.875,1.03832798,"x30","Exp1a"
"399","280","GEOM",1.875,0.80039053,"x30","Exp1a"
"400","1400","GEOM",3.625,1.125,"x30","Exp1a"
"401","1400","ISO",2.75,0.55901699,"x30","Exp1a"
"402","280","ISO",-2.75,0.96824584,"x30","Exp1a"
"403","280","GEOM",2.375,0.6731456,"x30","Exp1a"
"404","280","GEOM",4.125,1.58607219,"x30","Exp1a"
"405","1400","ISO",4.125,3.9071249,"x30","Exp1a"
"406","1400","GEOM",8.125,1.28086885,"x30","Exp1a"
"407","280","ISO",-1.75,1.03077641,"x30","Exp1a"
"408","1400","GEOM",4,2.29128785,"x30","Exp1a"
"409","280","ISO",-3.375,1.46308749,"x30","Exp1a"
"410","280","GEOM",2.875,1.66301684,"x30","Exp1a"
"411","1400","ISO",-1.25,0.75,"x30","Exp1a"
"412","280","ISO",-4.625,0.71807033,"x30","Exp1a"
"413","1400","ISO",0.125,0.80039053,"x30","Exp1a"
"414","280","GEOM",1.125,1.39754249,"x30","Exp1a"
"415","1400","GEOM",3.5,0.93541435,"x30","Exp1a"
"416","280","ISO",0.625,0.71807033,"x30","Exp1a"
"417","1400","ISO",0,0.55901699,"x30","Exp1a"
"418","1400","GEOM",2.25,1.41421356,"x30","Exp1a"
"419","280","GEOM",3.625,1.41972709,"x30","Exp1a"
"420","280","ISO",-1.75,0.70710678,"x30","Exp1a"
"421","280","GEOM",1.75,1.14564392,"x30","Exp1a"
"422","1400","ISO",-0.875,0.375,"x30","Exp1a"
"423","1400","GEOM",4.75,0.96824584,"x30","Exp1a"
"424","280","GEOM",0.5,0.8291562,"x32","Exp1a"
"425","1400","ISO",6.875,1.17924764,"x32","Exp1a"
"426","1400","GEOM",9.75,1.5411035,"x32","Exp1a"
"427","280","ISO",-4,0.8291562,"x32","Exp1a"
"428","1400","GEOM",13.5,0.8291562,"x32","Exp1a"
"429","1400","ISO",8.5,1.22474487,"x32","Exp1a"
"430","280","GEOM",1.125,0.80039053,"x32","Exp1a"
"431","280","ISO",-2.25,0.93541435,"x32","Exp1a"
"432","1400","ISO",10.375,0.71807033,"x32","Exp1a"
"433","1400","GEOM",9.125,1.00778222,"x32","Exp1a"
"434","280","GEOM",1.5,1.11803399,"x32","Exp1a"
"435","280","ISO",-5,0.96824584,"x32","Exp1a"
"436","1400","GEOM",12.125,1.00778222,"x32","Exp1a"
"437","280","GEOM",1.625,0.5153882,"x32","Exp1a"
"438","1400","ISO",5.125,1.28086885,"x32","Exp1a"
"439","280","ISO",-3.125,0.375,"x32","Exp1a"
"440","280","ISO",-3,0.55901699,"x32","Exp1a"
"441","1400","ISO",11.75,1.03077641,"x32","Exp1a"
"442","1400","GEOM",7.5,1.11803399,"x32","Exp1a"
"443","280","GEOM",8.625,2.09538183,"x32","Exp1a"
"444","1400","ISO",8.125,0.80039053,"x32","Exp1a"
"445","280","ISO",-5.125,0.6731456,"x32","Exp1a"
"446","280","GEOM",2.875,1.66301684,"x32","Exp1a"
"447","1400","GEOM",13.375,0.9437293,"x32","Exp1a"
"448","1400","ISO",7.25,1.6583124,"x32","Exp1a"
"449","280","GEOM",0.375,0.80039053,"x32","Exp1a"
"450","280","ISO",-3.25,0.55901699,"x32","Exp1a"
"451","1400","GEOM",4.625,0.80039053,"x32","Exp1a"
"452","280","ISO",5.125,1.28086885,"x35","Exp1a"
"453","1400","ISO",12.625,1.46308749,"x35","Exp1a"
"454","280","GEOM",3.75,1.11803399,"x35","Exp1a"
"455","1400","GEOM",12.125,0.9437293,"x35","Exp1a"
"456","280","ISO",5.125,0.71807033,"x35","Exp1a"
"457","1400","ISO",7.625,0.5153882,"x35","Exp1a"
"459","280","GEOM",1.125,1.39754249,"x35","Exp1a"
"460","1400","ISO",8.625,1.39754249,"x35","Exp1a"
"461","280","GEOM",11.625,0.80039053,"x35","Exp1a"
"462","1400","GEOM",5.25,0.55901699,"x35","Exp1a"
"463","280","ISO",8.125,1.54616461,"x35","Exp1a"
"464","280","ISO",-0.875,1.48429276,"x35","Exp1a"
"465","1400","GEOM",12.25,1.43614066,"x35","Exp1a"
"466","280","GEOM",13,0.61237244,"x35","Exp1a"
"467","1400","ISO",9.5,1.43614066,"x35","Exp1a"
"468","1400","ISO",7.25,0.55901699,"x35","Exp1a"
"469","1400","GEOM",12.125,1.28086885,"x35","Exp1a"
"470","280","ISO",-3.875,1.71846589,"x35","Exp1a"
"471","280","GEOM",11.75,0.70710678,"x35","Exp1a"
"472","1400","GEOM",11.625,1.39754249,"x35","Exp1a"
"473","1400","ISO",2.5,1.43614066,"x35","Exp1a"
"474","280","GEOM",0.875,2.00390244,"x35","Exp1a"
"475","280","ISO",6.875,3.39346799,"x35","Exp1a"
"476","1400","GEOM",12,0.93541435,"x35","Exp1a"
"477","280","GEOM",12.25,0.70710678,"x35","Exp1a"
"478","1400","ISO",7.625,0.80039053,"x35","Exp1a"
"479","280","ISO",9.25,0.61237244,"x35","Exp1a"
"480","280","ISO",-9,1.03077641,"x37","Exp1a"
"481","1400","ISO",11.75,1.22474487,"x37","Exp1a"
"482","280","GEOM",-3.125,1.97246673,"x37","Exp1a"
"484","280","ISO",-5.625,0.5153882,"x37","Exp1a"
"485","280","GEOM",11.125,0.375,"x37","Exp1a"
"486","1400","GEOM",12.91666667,1.51152976,"x37","Exp1a"
"487","1400","ISO",11.375,1.125,"x37","Exp1a"
"488","280","ISO",-4.125,0.91001374,"x37","Exp1a"
"489","1400","ISO",10.875,0.80039053,"x37","Exp1a"
"490","280","GEOM",12,1.03077641,"x37","Exp1a"
"491","1400","GEOM",13.875,0.5153882,"x37","Exp1a"
"492","280","ISO",-4.375,0.5153882,"x37","Exp1a"
"494","1400","ISO",11.5,1.60078106,"x37","Exp1a"
"495","280","GEOM",5.875,3.2040014,"x37","Exp1a"
"496","280","GEOM",0.125,0.6731456,"x37","Exp1a"
"497","280","ISO",-6,1.76776695,"x37","Exp1a"
"498","1400","ISO",11.5,0.93541435,"x37","Exp1a"
"500","1400","ISO",8.375,0.5153882,"x37","Exp1a"
"501","280","GEOM",1.25,0.55901699,"x37","Exp1a"
"502","280","ISO",-3.625,0.80039053,"x37","Exp1a"
"503","1400","GEOM",14.16666667,0.42491829,"x37","Exp1a"
"504","280","GEOM",-0.375,0.80039053,"x37","Exp1a"
"505","1400","ISO",11,0.75,"x37","Exp1a"
"506","280","ISO",-5.125,1.17924764,"x37","Exp1a"
"507","1400","GEOM",13.875,0.5153882,"x37","Exp1a"
"508","1400","ISO",9.625,0.71807033,"x38","Exp1a"
"509","1400","GEOM",11,1.71391365,"x38","Exp1a"
"510","280","ISO",-3.875,1.125,"x38","Exp1a"
"511","280","GEOM",0,1.47901995,"x38","Exp1a"
"512","280","GEOM",-0.375,0.91001374,"x38","Exp1a"
"513","1400","GEOM",8.125,0.375,"x38","Exp1a"
"514","1400","ISO",9,1.3462912,"x38","Exp1a"
"515","280","ISO",-6.25,0.70710678,"x38","Exp1a"
"516","280","ISO",-7,0.8291562,"x38","Exp1a"
"517","280","GEOM",0.375,1.70018381,"x38","Exp1a"
"518","1400","GEOM",10,1.62018517,"x38","Exp1a"
"519","1400","ISO",10.75,0.61237244,"x38","Exp1a"
"520","1400","GEOM",11.25,0.8291562,"x38","Exp1a"
"521","280","ISO",-5.375,0.71807033,"x38","Exp1a"
"522","280","GEOM",0.125,0.5153882,"x38","Exp1a"
"523","1400","ISO",8,0.55901699,"x38","Exp1a"
"524","1400","ISO",10.5,1.19895788,"x38","Exp1a"
"525","1400","GEOM",6,1.11803399,"x38","Exp1a"
"526","280","ISO",-5,0.96824584,"x38","Exp1a"
"527","280","GEOM",-0.25,1.3462912,"x38","Exp1a"
"528","1400","ISO",10,1.43614066,"x38","Exp1a"
"529","280","ISO",-4.125,0.80039053,"x38","Exp1a"
"530","280","GEOM",-0.875,1.28086885,"x38","Exp1a"
"531","1400","GEOM",9.875,2.09538183,"x38","Exp1a"
"532","280","ISO",-4.25,1.29903811,"x38","Exp1a"
"533","280","GEOM",-4,1.60078106,"x38","Exp1a"
"534","1400","ISO",4.75,3.15238005,"x38","Exp1a"
"535","1400","GEOM",12.125,0.80039053,"x38","Exp1a"
"536","1400","ISO",6.625,1.66301684,"x39","Exp1a"
"537","280","ISO",-2.375,0.375,"x39","Exp1a"
"538","1400","GEOM",8.875,1.125,"x39","Exp1a"
"539","280","GEOM",2.75,0.70710678,"x39","Exp1a"
"540","280","ISO",-2.375,1.28086885,"x39","Exp1a"
"541","1400","GEOM",8.875,0.375,"x39","Exp1a"
"542","280","GEOM",3.375,0.5153882,"x39","Exp1a"
"543","1400","ISO",8.375,0.6731456,"x39","Exp1a"
"544","1400","GEOM",11.25,1.03077641,"x39","Exp1a"
"545","1400","ISO",9.375,1.00778222,"x39","Exp1a"
"546","280","GEOM",1.875,0.6731456,"x39","Exp1a"
"547","280","ISO",-2.875,1.17924764,"x39","Exp1a"
"548","1400","GEOM",6.375,0.5153882,"x39","Exp1a"
"549","1400","ISO",9,1.19895788,"x39","Exp1a"
"550","280","GEOM",2.875,0.9437293,"x39","Exp1a"
"551","280","ISO",-2.625,1.00778222,"x39","Exp1a"
"552","1400","ISO",4.375,1.28086885,"x39","Exp1a"
"553","280","GEOM",1.625,0.80039053,"x39","Exp1a"
"554","280","ISO",-3.75,1.11803399,"x39","Exp1a"
"555","1400","GEOM",3.25,0.8660254,"x39","Exp1a"
"556","280","GEOM",3.125,1.00778222,"x39","Exp1a"
"557","1400","GEOM",8.5,0.61237244,"x39","Exp1a"
"558","280","ISO",-2.375,1.28086885,"x39","Exp1a"
"559","1400","ISO",9.625,1.58607219,"x39","Exp1a"
"560","1400","GEOM",4.125,1.17924764,"x39","Exp1a"
"561","280","ISO",0,0.70710678,"x39","Exp1a"
"562","1400","ISO",4.125,1.32876823,"x39","Exp1a"
"563","280","GEOM",1.875,1.09687055,"x39","Exp1a"
"570","1400","GEOM",-0.375,0.80039053,"z99","Exp1a"
"571","280","GEOM",0,0.93541435,"z99","Exp1a"
"572","1400","ISO",-2.125,0.6731456,"z99","Exp1a"
"573","280","ISO",-5.75,0.61237244,"z99","Exp1a"
"574","1400","GEOM",10.375,0.375,"z99","Exp1a"
"575","1400","ISO",-5.5,1.76776695,"z99","Exp1a"
"576","280","ISO",-8.125,1.25623445,"z99","Exp1a"
"577","280","GEOM",-1.375,2.34853678,"z99","Exp1a"
"578","1400","ISO",-4.125,1.46308749,"z99","Exp1a"
"579","1400","GEOM",-0.75,1.27475488,"z99","Exp1a"
"580","280","ISO",-6.375,1.17924764,"z99","Exp1a"
"581","1400","ISO",-4.375,0.5153882,"z99","Exp1a"
"4","1400","GEOM",14.33333333,0.42491829,"x04","Exp1b"
"5","1400","ISO",4.875,2.42706098,"x04","Exp1b"
"6","280","ISO",7.375,3.14493641,"x04","Exp1b"
"7","280","GEOM",2.625,1.46308749,"x04","Exp1b"
"9","280","ISO",4.875,2.91815438,"x04","Exp1b"
"10","1400","GEOM",10.75,2.23606798,"x04","Exp1b"
"11","1400","ISO",5.375,2.91815438,"x04","Exp1b"
"12","280","GEOM",11.5,0.75,"x04","Exp1b"
"13","1400","GEOM",13.125,0.80039053,"x04","Exp1b"
"14","280","ISO",8.375,1.32876823,"x04","Exp1b"
"15","1400","ISO",11.75,0.61237244,"x04","Exp1b"
"16","1400","GEOM",14.375,0.375,"x04","Exp1b"
"17","280","ISO",2.625,1.80710404,"x04","Exp1b"
"18","280","GEOM",12.625,0.71807033,"x04","Exp1b"
"19","1400","ISO",13,1.06066017,"x04","Exp1b"
"20","1400","GEOM",6.375,0.5153882,"x04","Exp1b"
"21","1400","ISO",10.875,1.32876823,"x04","Exp1b"
"22","280","GEOM",14.25,0.4330127,"x04","Exp1b"
"23","280","ISO",1.125,0.80039053,"x04","Exp1b"
"24","1400","ISO",0.625,1.03832798,"x04","Exp1b"
"25","280","ISO",0.375,0.5153882,"x04","Exp1b"
"26","1400","GEOM",12.75,1.47901995,"x04","Exp1b"
"27","280","GEOM",6.375,0.5153882,"x04","Exp1b"
"28","1400","GEOM",12.70833333,1.18512189,"x04","Exp1b"
"29","280","ISO",5.375,1.00778222,"x04","Exp1b"
"31","1400","ISO",6,1.71391365,"x04","Exp1b"
"88","280","GEOM",10.875,1.00778222,"x25","Exp1b"
"89","1400","ISO",12,0.55901699,"x25","Exp1b"
"90","1400","GEOM",8.375,1.17924764,"x25","Exp1b"
"91","280","ISO",-2.5,0.55901699,"x25","Exp1b"
"93","1400","ISO",12.125,1.125,"x25","Exp1b"
"94","1400","GEOM",11.125,1.03832798,"x25","Exp1b"
"95","280","ISO",2.5,3.75,"x25","Exp1b"
"96","1400","ISO",2.875,1.60565407,"x25","Exp1b"
"97","280","ISO",-1.5,1.87082869,"x25","Exp1b"
"98","280","GEOM",11.125,1.82431494,"x25","Exp1b"
"99","1400","GEOM",11.125,0.80039053,"x25","Exp1b"
"100","280","GEOM",12.25,1.41421356,"x25","Exp1b"
"101","280","ISO",-5.125,0.6731456,"x25","Exp1b"
"102","1400","GEOM",4.5,0.93541435,"x25","Exp1b"
"103","1400","ISO",8.625,1.00778222,"x25","Exp1b"
"104","280","ISO",-5.75,1.62018517,"x25","Exp1b"
"105","1400","ISO",13.20833333,0.90619013,"x25","Exp1b"
"106","280","GEOM",5.375,2.46538537,"x25","Exp1b"
"107","1400","GEOM",9.5,2.39791576,"x25","Exp1b"
"108","1400","GEOM",9.25,1.06066017,"x25","Exp1b"
"109","280","ISO",-5.25,0.55901699,"x25","Exp1b"
"110","1400","ISO",5.625,1.00778222,"x25","Exp1b"
"111","280","GEOM",1.375,0.375,"x25","Exp1b"
"112","280","ISO",-2.5,0.93541435,"x25","Exp1b"
"113","1400","GEOM",11,0.70710678,"x25","Exp1b"
"114","1400","ISO",7.375,0.71807033,"x25","Exp1b"
"115","280","GEOM",11,1.11803399,"x25","Exp1b"
"1161","1400","GEOM",4,0.61237244,"x27","Exp1b"
"1171","1400","ISO",-1.625,1.28086885,"x27","Exp1b"
"1181","280","ISO",-6.125,1.125,"x27","Exp1b"
"1191","280","GEOM",-1.875,0.80039053,"x27","Exp1b"
"1201","1400","GEOM",0.375,0.80039053,"x27","Exp1b"
"1211","280","ISO",-5.5,1.03077641,"x27","Exp1b"
"1221","280","GEOM",0,0.55901699,"x27","Exp1b"
"1231","1400","ISO",-5.75,1.43614066,"x27","Exp1b"
"1241","1400","ISO",-4.875,1.00778222,"x27","Exp1b"
"1251","280","GEOM",-4.125,1.46308749,"x27","Exp1b"
"1261","1400","GEOM",-2.125,1.00778222,"x27","Exp1b"
"1271","280","ISO",-10.125,1.46308749,"x27","Exp1b"
"1281","1400","GEOM",1.375,0.375,"x27","Exp1b"
"1291","1400","ISO",12.75,0.55901699,"x27","Exp1b"
"1301","280","ISO",-8.625,1.09687055,"x27","Exp1b"
"1311","280","GEOM",-2,0.61237244,"x27","Exp1b"
"1321","280","GEOM",-3.875,1.03832798,"x27","Exp1b"
"1331","1400","GEOM",2,0.55901699,"x27","Exp1b"
"1341","280","ISO",-4,0.55901699,"x27","Exp1b"
"1351","1400","ISO",-4,1.03077641,"x27","Exp1b"
"1361","1400","GEOM",1.625,1.17924764,"x27","Exp1b"
"1371","280","GEOM",-2.75,0.96824584,"x27","Exp1b"
"1381","280","ISO",-4.125,1.00778222,"x27","Exp1b"
"1391","1400","ISO",-5.125,1.80710404,"x27","Exp1b"
"1401","1400","GEOM",1.125,0.80039053,"x27","Exp1b"
"1411","280","ISO",-6.375,0.5153882,"x27","Exp1b"
"1421","1400","ISO",-3.625,0.6731456,"x27","Exp1b"
"1431","280","GEOM",-1.75,1.19895788,"x27","Exp1b"
"1441","280","GEOM",1.75,0.96824584,"x30","Exp1b"
"1451","1400","GEOM",-0.375,2.42706098,"x30","Exp1b"
"1461","1400","ISO",1.25,1.19895788,"x30","Exp1b"
"1471","280","ISO",-3.375,0.6731456,"x30","Exp1b"
"1481","280","ISO",-5.125,1.17924764,"x30","Exp1b"
"1491","280","GEOM",1.875,1.17924764,"x30","Exp1b"
"1501","1400","GEOM",5.25,0.8291562,"x30","Exp1b"
"1511","1400","ISO",1.25,1.47901995,"x30","Exp1b"
"1521","280","GEOM",2.375,1.00778222,"x30","Exp1b"
"1531","1400","GEOM",2.375,1.17924764,"x30","Exp1b"
"1541","280","ISO",-6.625,1.58607219,"x30","Exp1b"
"1551","1400","ISO",-1.25,0.96824584,"x30","Exp1b"
"1561","280","ISO",-4.75,0.55901699,"x30","Exp1b"
"1571","1400","ISO",0.875,1.25623445,"x30","Exp1b"
"1581","280","GEOM",2.625,0.5153882,"x30","Exp1b"
"1591","1400","GEOM",3,0.93541435,"x30","Exp1b"
"1601","1400","ISO",-0.625,1.00778222,"x30","Exp1b"
"1611","280","ISO",-4.375,0.5153882,"x30","Exp1b"
"1621","1400","GEOM",2.125,0.375,"x30","Exp1b"
"1631","280","GEOM",0.375,1.17924764,"x30","Exp1b"
"1641","1400","ISO",-1.125,1.17924764,"x30","Exp1b"
"1651","280","GEOM",-0.25,1.41421356,"x30","Exp1b"
"1661","280","ISO",-4.375,0.6731456,"x30","Exp1b"
"1671","1400","GEOM",2.875,1.03832798,"x30","Exp1b"
"1681","280","GEOM",1.125,0.80039053,"x30","Exp1b"
"1691","1400","ISO",1.25,1.11803399,"x30","Exp1b"
"1701","1400","GEOM",2,1.11803399,"x30","Exp1b"
"1711","280","ISO",-4.125,0.80039053,"x30","Exp1b"
"172","1400","ISO",12.25,1.06066017,"x39","Exp1b"
"173","1400","GEOM",5.5,0.93541435,"x39","Exp1b"
"174","280","ISO",-0.875,0.375,"x39","Exp1b"
"175","280","GEOM",6.125,0.80039053,"x39","Exp1b"
"176","1400","ISO",12.5,0.93541435,"x39","Exp1b"
"177","1400","GEOM",6.25,0.96824584,"x39","Exp1b"
"178","280","GEOM",3.375,1.32876823,"x39","Exp1b"
"179","280","ISO",-0.875,0.375,"x39","Exp1b"
"180","280","GEOM",4.625,0.80039053,"x39","Exp1b"
"181","1400","GEOM",9.625,1.125,"x39","Exp1b"
"182","1400","ISO",13.125,0.80039053,"x39","Exp1b"
"183","280","ISO",1.625,0.80039053,"x39","Exp1b"
"184","1400","ISO",6,0.55901699,"x39","Exp1b"
"185","280","GEOM",4.375,1.41972709,"x39","Exp1b"
"186","1400","GEOM",3.5,1.19895788,"x39","Exp1b"
"187","280","ISO",-1.25,1.06066017,"x39","Exp1b"
"188","280","GEOM",3.5,0.55901699,"x39","Exp1b"
"189","280","ISO",-1.375,1.00778222,"x39","Exp1b"
"190","1400","GEOM",4,0.61237244,"x39","Exp1b"
"191","1400","ISO",4.625,0.5153882,"x39","Exp1b"
"192","1400","GEOM",7.875,1.46308749,"x39","Exp1b"
"193","1400","ISO",11.125,1.28086885,"x39","Exp1b"
"194","280","GEOM",2.625,0.80039053,"x39","Exp1b"
"195","280","ISO",-1.5,1.5411035,"x39","Exp1b"
"196","1400","ISO",6.75,0.8291562,"x39","Exp1b"
"197","1400","GEOM",4.125,0.80039053,"x39","Exp1b"
"198","280","ISO",0.125,0.6731456,"x39","Exp1b"
"199","280","GEOM",4,0.96824584,"x39","Exp1b"
"200","1400","ISO",14.375,0.375,"x40","Exp1b"
"201","1400","GEOM",10,2.44948974,"x40","Exp1b"
"202","280","ISO",-3.875,1.35208173,"x40","Exp1b"
"203","280","GEOM",3.375,1.32876823,"x40","Exp1b"
"204","280","ISO",-3.25,1.41421356,"x40","Exp1b"
"205","280","GEOM",2.375,1.46308749,"x40","Exp1b"
"206","1400","GEOM",10.375,0.9437293,"x40","Exp1b"
"207","1400","ISO",11,0.55901699,"x40","Exp1b"
"208","1400","GEOM",9.25,1.5411035,"x40","Exp1b"
"209","1400","ISO",11.25,1.76776695,"x40","Exp1b"
"210","280","GEOM",2.375,0.80039053,"x40","Exp1b"
"211","280","ISO",-3.875,0.71807033,"x40","Exp1b"
"212","1400","GEOM",10.75,0.61237244,"x40","Exp1b"
"213","280","ISO",-3.25,1.11803399,"x40","Exp1b"
"214","280","GEOM",3.875,0.80039053,"x40","Exp1b"
"215","1400","ISO",11.125,0.375,"x40","Exp1b"
"216","1400","GEOM",9.25,1.3462912,"x40","Exp1b"
"217","280","ISO",-3.75,0.55901699,"x40","Exp1b"
"218","1400","ISO",12.83333333,1.08653373,"x40","Exp1b"
"219","280","GEOM",3.625,1.28086885,"x40","Exp1b"
"220","1400","GEOM",6.5,1.27475488,"x40","Exp1b"
"221","1400","ISO",4.25,0.93541435,"x40","Exp1b"
"222","280","ISO",-5.25,0.55901699,"x40","Exp1b"
"223","280","GEOM",2.125,1.125,"x40","Exp1b"
"224","280","GEOM",1,1.43614066,"x40","Exp1b"
"225","280","ISO",-4,1.6583124,"x40","Exp1b"
"226","1400","GEOM",9.375,1.6441183,"x40","Exp1b"
"227","1400","ISO",9.25,0.61237244,"x40","Exp1b"
"3121","1400","ISO",6.625,1.66301684,"x46","Exp1b"
"3131","1400","GEOM",5.125,2.15421099,"x46","Exp1b"
"3141","280","GEOM",1.125,0.5153882,"x46","Exp1b"
"3151","280","ISO",-1.75,1.71391365,"x46","Exp1b"
"3161","280","ISO",-0.875,0.375,"x46","Exp1b"
"3171","280","GEOM",3.25,1.5612495,"x46","Exp1b"
"3181","1400","ISO",3.125,0.80039053,"x46","Exp1b"
"3191","1400","GEOM",3.625,0.9437293,"x46","Exp1b"
"3201","280","ISO",-2,0.96824584,"x46","Exp1b"
"3211","1400","GEOM",5.875,0.375,"x46","Exp1b"
"3221","280","GEOM",2.75,0.55901699,"x46","Exp1b"
"3231","1400","ISO",1.625,2.00390244,"x46","Exp1b"
"3241","1400","ISO",0.5,1.5411035,"x46","Exp1b"
"3251","280","ISO",0.25,1.06066017,"x46","Exp1b"
"3261","280","GEOM",3,1.03077641,"x46","Exp1b"
"3271","1400","GEOM",4.875,1.58607219,"x46","Exp1b"
"3281","280","GEOM",3.25,0.61237244,"x46","Exp1b"
"3291","280","ISO",0.125,1.17924764,"x46","Exp1b"
"330","1400","GEOM",4.125,0.80039053,"x46","Exp1b"
"3311","1400","ISO",1,0.61237244,"x46","Exp1b"
"3321","1400","GEOM",3.75,1.03077641,"x46","Exp1b"
"3331","280","GEOM",2.625,1.00778222,"x46","Exp1b"
"3341","280","ISO",-1.375,1.00778222,"x46","Exp1b"
"3351","1400","ISO",2,0.8291562,"x46","Exp1b"
"3361","280","ISO",-1.125,1.70018381,"x46","Exp1b"
"3371","280","GEOM",1.75,0.96824584,"x46","Exp1b"
"3381","1400","ISO",7.375,0.71807033,"x46","Exp1b"
"3391","1400","GEOM",7.375,2.15421099,"x46","Exp1b"
"340","280","ISO",3.375,1.00778222,"x51","Exp1b"
"341","1400","GEOM",14,0.61237244,"x51","Exp1b"
"342","1400","ISO",5,1.03077641,"x51","Exp1b"
"343","280","GEOM",4.875,1.52581945,"x51","Exp1b"
"344","1400","ISO",3.625,0.9437293,"x51","Exp1b"
"345","280","ISO",7.625,2.50312305,"x51","Exp1b"
"346","1400","GEOM",10.25,0.8291562,"x51","Exp1b"
"347","280","GEOM",7.875,0.5153882,"x51","Exp1b"
"348","280","GEOM",3,0.55901699,"x51","Exp1b"
"349","1400","ISO",13.95833333,1.06474436,"x51","Exp1b"
"350","1400","GEOM",3,0.8291562,"x51","Exp1b"
"351","280","ISO",-2.25,1.47901995,"x51","Exp1b"
"352","1400","GEOM",3.875,1.00778222,"x51","Exp1b"
"353","280","ISO",2,1.27475488,"x51","Exp1b"
"354","280","GEOM",7.5,1.27475488,"x51","Exp1b"
"355","1400","ISO",3,0.8291562,"x51","Exp1b"
"356","280","ISO",2.375,0.80039053,"x51","Exp1b"
"357","1400","GEOM",5.25,0.8291562,"x51","Exp1b"
"358","280","GEOM",13.75,0.90138782,"x51","Exp1b"
"359","1400","ISO",3,1.6583124,"x51","Exp1b"
"360","1400","GEOM",7.625,0.80039053,"x51","Exp1b"
"361","280","GEOM",13.70833333,0.69846061,"x51","Exp1b"
"362","280","ISO",3.375,0.80039053,"x51","Exp1b"
"363","1400","ISO",6.875,0.80039053,"x51","Exp1b"
"364","1400","GEOM",3.75,0.8291562,"x51","Exp1b"
"365","280","GEOM",6.75,0.8291562,"x51","Exp1b"
"366","1400","ISO",4.375,0.375,"x51","Exp1b"
"367","280","ISO",3,1.76776695,"x51","Exp1b"
"3681","1400","ISO",12.875,0.80039053,"x52","Exp1b"
"3691","280","GEOM",3.25,0.96824584,"x52","Exp1b"
"3701","280","ISO",0.875,0.5153882,"x52","Exp1b"
"3711","1400","GEOM",12.375,0.80039053,"x52","Exp1b"
"3721","280","ISO",-0.75,0.93541435,"x52","Exp1b"
"3731","1400","GEOM",11.125,0.80039053,"x52","Exp1b"
"3741","280","GEOM",3.125,1.17924764,"x52","Exp1b"
"3751","1400","ISO",11.875,0.5153882,"x52","Exp1b"
"3761","280","ISO",-0.5,0.61237244,"x52","Exp1b"
"3771","1400","ISO",7.875,1.58607219,"x52","Exp1b"
"3781","280","GEOM",4,1.67705098,"x52","Exp1b"
"3791","1400","GEOM",8.125,3.31897951,"x52","Exp1b"
"3801","280","GEOM",1.25,0.70710678,"x52","Exp1b"
"3811","1400","ISO",11,0.70710678,"x52","Exp1b"
"3821","1400","GEOM",1.5,0.93541435,"x52","Exp1b"
"3831","280","ISO",0.25,1.78535711,"x52","Exp1b"
"3841","280","GEOM",3.75,1.03077641,"x52","Exp1b"
"3861","280","ISO",-1.125,1.46308749,"x52","Exp1b"
"3871","1400","ISO",11,1.11803399,"x52","Exp1b"
"3881","280","GEOM",-0.125,1.97246673,"x52","Exp1b"
"3891","280","ISO",-1.875,1.32876823,"x52","Exp1b"
"3901","1400","ISO",2.5,0.8660254,"x52","Exp1b"
"3911","1400","GEOM",3.5,0.8291562,"x52","Exp1b"
"3921","1400","ISO",5.375,0.91001374,"x52","Exp1b"
"3931","280","ISO",-1,1.11803399,"x52","Exp1b"
"3941","1400","GEOM",9.75,0.93541435,"x52","Exp1b"
"3951","280","GEOM",1.875,0.80039053,"x52","Exp1b"
"3961","280","GEOM",1.875,0.80039053,"x63","Exp1b"
"3971","1400","ISO",7.125,0.5153882,"x63","Exp1b"
"3981","1400","GEOM",3.875,1.09687055,"x63","Exp1b"
"3991","280","ISO",-3.375,1.25623445,"x63","Exp1b"
"4001","1400","ISO",4.75,1.14564392,"x63","Exp1b"
"4011","280","ISO",-7.625,1.125,"x63","Exp1b"
"4021","1400","GEOM",3.375,0.5153882,"x63","Exp1b"
"4031","280","GEOM",3.5,1.27475488,"x63","Exp1b"
"4041","1400","GEOM",2.5,0.96824584,"x63","Exp1b"
"4051","1400","ISO",4.875,0.80039053,"x63","Exp1b"
"4061","280","ISO",-2.375,1.125,"x63","Exp1b"
"4071","280","GEOM",4.25,1.03077641,"x63","Exp1b"
"4081","280","ISO",-2.75,0.96824584,"x63","Exp1b"
"4091","1400","ISO",3.5,1.11803399,"x63","Exp1b"
"4101","1400","GEOM",3.75,1.03077641,"x63","Exp1b"
"4111","280","GEOM",5.5,0.96824584,"x63","Exp1b"
"4121","280","ISO",-3.625,1.39754249,"x63","Exp1b"
"4131","1400","ISO",2.125,1.125,"x63","Exp1b"
"4141","280","GEOM",3.5,0.8291562,"x63","Exp1b"
"4151","1400","GEOM",4.875,0.80039053,"x63","Exp1b"
"4161","280","GEOM",1,1.5612495,"x63","Exp1b"
"4171","1400","GEOM",3.5,1.03077641,"x63","Exp1b"
"4181","1400","ISO",3.125,0.80039053,"x63","Exp1b"
"4191","280","ISO",-2.125,0.80039053,"x63","Exp1b"
"4201","280","GEOM",2.375,0.5153882,"x63","Exp1b"
"4211","1400","ISO",-0.375,1.32876823,"x63","Exp1b"
"4221","1400","GEOM",2.25,1.19895788,"x63","Exp1b"
"4231","280","ISO",-3.75,1.3462912,"x63","Exp1b"
"4521","1400","ISO",3.5,1.03077641,"x72","Exp1b"
"4531","280","ISO",-2.25,0.70710678,"x72","Exp1b"
"4541","280","GEOM",9.125,2.50312305,"x72","Exp1b"
"4551","1400","GEOM",3.25,0.8660254,"x72","Exp1b"
"4561","280","ISO",-1.5,1.19895788,"x72","Exp1b"
"4571","1400","GEOM",4.625,0.80039053,"x72","Exp1b"
"458","280","GEOM",4.375,1.28086885,"x72","Exp1b"
"4591","1400","ISO",2.375,1.00778222,"x72","Exp1b"
"4601","280","GEOM",1.25,0.55901699,"x72","Exp1b"
"4611","1400","ISO",12.75,0.55901699,"x72","Exp1b"
"4621","280","ISO",0.375,0.5153882,"x72","Exp1b"
"4631","1400","GEOM",6.875,2.75283944,"x72","Exp1b"
"4641","280","ISO",-1.625,0.9437293,"x72","Exp1b"
"4651","1400","GEOM",6,0.55901699,"x72","Exp1b"
"4661","280","GEOM",2,1.27475488,"x72","Exp1b"
"4671","1400","ISO",0.625,1.125,"x72","Exp1b"
"4681","280","ISO",-0.125,0.83852549,"x72","Exp1b"
"4691","1400","GEOM",5.125,0.71807033,"x72","Exp1b"
"4701","280","GEOM",4,0.61237244,"x72","Exp1b"
"4711","1400","ISO",13.375,1.46308749,"x72","Exp1b"
"4721","280","GEOM",2.25,1.41421356,"x72","Exp1b"
"4731","280","ISO",-0.375,0.80039053,"x72","Exp1b"
"4741","1400","GEOM",5.125,0.375,"x72","Exp1b"
"4751","1400","ISO",2.25,0.55901699,"x72","Exp1b"
"4761","280","ISO",-0.625,2.18303115,"x72","Exp1b"
"4771","1400","GEOM",5.125,0.71807033,"x72","Exp1b"
"4781","1400","ISO",3.125,0.5153882,"x72","Exp1b"
"4791","280","GEOM",3.625,0.71807033,"x72","Exp1b"
"4801","280","GEOM",13.45833333,0.88290084,"x73","Exp1b"
"4811","280","ISO",7.375,1.66301684,"x73","Exp1b"
"4821","1400","ISO",2.875,1.28086885,"x73","Exp1b"
"483","1400","GEOM",12.875,0.9437293,"x73","Exp1b"
"4841","1400","ISO",12.625,0.80039053,"x73","Exp1b"
"4851","1400","GEOM",8.625,2.91815438,"x73","Exp1b"
"4861","280","ISO",5.875,1.28086885,"x73","Exp1b"
"4871","280","GEOM",14.125,0.375,"x73","Exp1b"
"4891","280","GEOM",11.375,0.80039053,"x73","Exp1b"
"4901","1400","ISO",11.5,0.96824584,"x73","Exp1b"
"4911","280","ISO",9.25,1.98431348,"x73","Exp1b"
"4921","1400","GEOM",10.75,1.11803399,"x73","Exp1b"
"493","1400","ISO",7,0.96824584,"x73","Exp1b"
"4941","280","GEOM",8.375,1.28086885,"x73","Exp1b"
"4951","280","ISO",6.5,1.87082869,"x73","Exp1b"
"4961","280","ISO",5.25,1.6583124,"x73","Exp1b"
"4981","1400","ISO",5.875,0.375,"x73","Exp1b"
"499","1400","GEOM",7.5,1.96850197,"x73","Exp1b"
"5001","280","ISO",3.875,1.00778222,"x73","Exp1b"
"5011","1400","ISO",12.125,0.80039053,"x73","Exp1b"
"5021","280","GEOM",5.75,1.03077641,"x73","Exp1b"
"5031","1400","GEOM",14.125,0.5153882,"x73","Exp1b"
"5041","1400","ISO",2.125,1.97246673,"x73","Exp1b"
"5051","280","GEOM",12.75,0.70710678,"x73","Exp1b"
"5061","280","ISO",8.625,0.5153882,"x73","Exp1b"
"5071","1400","GEOM",11.625,0.5153882,"x73","Exp1b"
"5081","1400","ISO",6.25,1.06066017,"x74","Exp1b"
"5091","1400","GEOM",5.625,1.32876823,"x74","Exp1b"
"5101","280","GEOM",3.25,0.61237244,"x74","Exp1b"
"5111","280","ISO",-1,1.82002747,"x74","Exp1b"
"5121","280","ISO",-1.75,1.47901995,"x74","Exp1b"
"5141","280","GEOM",9,1.5411035,"x74","Exp1b"
"5151","1400","ISO",7.875,2.09538183,"x74","Exp1b"
"5161","280","ISO",-0.625,1.00778222,"x74","Exp1b"
"5171","1400","ISO",6.5,0.70710678,"x74","Exp1b"
"5181","280","GEOM",3.875,1.58607219,"x74","Exp1b"
"5191","1400","GEOM",8,0.93541435,"x74","Exp1b"
"5201","1400","GEOM",10.875,3.16474723,"x74","Exp1b"
"5211","1400","ISO",10,0.61237244,"x74","Exp1b"
"5221","280","GEOM",4.375,1.125,"x74","Exp1b"
"5231","280","ISO",4.375,4.83638553,"x74","Exp1b"
"5241","280","GEOM",2.625,2.00390244,"x74","Exp1b"
"5251","1400","ISO",1.625,0.5153882,"x74","Exp1b"
"5261","280","ISO",-2,1.06066017,"x74","Exp1b"
"5271","1400","GEOM",4.625,1.00778222,"x74","Exp1b"
"5281","280","ISO",-2.125,0.5153882,"x74","Exp1b"
"5291","1400","GEOM",5.125,0.71807033,"x74","Exp1b"
"5301","1400","ISO",1,0.96824584,"x74","Exp1b"
"5311","280","GEOM",1.5,0.8291562,"x74","Exp1b"
"5321","1400","ISO",-0.75,1.47901995,"x74","Exp1b"
"5331","280","GEOM",5.375,2.91815438,"x74","Exp1b"
"5341","1400","GEOM",3.625,0.9437293,"x74","Exp1b"
"5351","280","ISO",-4.375,0.80039053,"x74","Exp1b"
"5361","1400","GEOM",8.75,1.11803399,"x76","Exp1b"
"5371","280","GEOM",0.375,1.00778222,"x76","Exp1b"
"5381","280","ISO",-5.5,2.01556444,"x76","Exp1b"
"5391","1400","ISO",9.875,1.90804219,"x76","Exp1b"
"5401","1400","GEOM",6.625,0.375,"x76","Exp1b"
"5411","280","ISO",-3.875,1.66301684,"x76","Exp1b"
"5421","1400","ISO",6.25,3.03108891,"x76","Exp1b"
"5431","280","GEOM",2.5,1.14564392,"x76","Exp1b"
"5441","280","ISO",-1.875,1.32876823,"x76","Exp1b"
"5451","1400","ISO",2,1.03077641,"x76","Exp1b"
"5461","1400","GEOM",7.5,1.03077641,"x76","Exp1b"
"5471","280","GEOM",1.875,1.25623445,"x76","Exp1b"
"5481","1400","ISO",2.625,0.6731456,"x76","Exp1b"
"5491","280","GEOM",1.75,1.22474487,"x76","Exp1b"
"5501","280","ISO",-4.625,0.9437293,"x76","Exp1b"
"5511","1400","GEOM",6.625,1.28086885,"x76","Exp1b"
"5521","280","ISO",-1.75,0.55901699,"x76","Exp1b"
"5531","1400","ISO",6.5,1.11803399,"x76","Exp1b"
"5541","1400","GEOM",4.625,0.5153882,"x76","Exp1b"
"5551","280","GEOM",2.25,0.55901699,"x76","Exp1b"
"5561","1400","GEOM",6.75,0.55901699,"x76","Exp1b"
"5571","1400","ISO",4.625,0.80039053,"x76","Exp1b"
"5581","280","GEOM",3.5,0.55901699,"x76","Exp1b"
"5591","280","ISO",-2.375,1.28086885,"x76","Exp1b"
"5601","1400","GEOM",13.375,0.5153882,"x76","Exp1b"
"5611","280","ISO",-3,0.70710678,"x76","Exp1b"
"5621","280","GEOM",0.375,2.13965535,"x76","Exp1b"
"5631","1400","ISO",-1.5,0.55901699,"x76","Exp1b"
"564","280","ISO",-2.125,1.00778222,"x77","Exp1b"
"566","280","GEOM",3.625,1.48429276,"x77","Exp1b"
"567","1400","ISO",12,1.11803399,"x77","Exp1b"
"568","280","GEOM",4.625,1.70018381,"x77","Exp1b"
"5701","1400","ISO",3.75,0.93541435,"x77","Exp1b"
"5711","280","ISO",-4.375,0.80039053,"x77","Exp1b"
"5721","280","GEOM",5.5,2.37170825,"x77","Exp1b"
"5731","1400","GEOM",9.625,1.03832798,"x77","Exp1b"
"5741","1400","ISO",2.375,0.6731456,"x77","Exp1b"
"5751","280","ISO",-5,0.61237244,"x77","Exp1b"
"5761","280","GEOM",1.25,1.03077641,"x77","Exp1b"
"5771","1400","GEOM",6.25,2.35849528,"x77","Exp1b"
"5781","1400","ISO",12.625,1.00778222,"x77","Exp1b"
"5791","280","ISO",-1.5,1.3462912,"x77","Exp1b"
"5811","280","ISO",-3.125,0.9437293,"x77","Exp1b"
"582","280","GEOM",2.25,1.19895788,"x77","Exp1b"
"583","1400","ISO",10,1.43614066,"x77","Exp1b"
"584","1400","GEOM",14.125,0.5153882,"x77","Exp1b"
"585","1400","ISO",12,0.93541435,"x77","Exp1b"
"586","280","ISO",-0.375,2.85317805,"x77","Exp1b"
"587","280","GEOM",11.25,1.11803399,"x77","Exp1b"
"588","1400","ISO",-0.375,1.00778222,"x77","Exp1b"
"589","280","GEOM",3,0.70710678,"x77","Exp1b"
"590","280","ISO",-2.625,0.5153882,"x77","Exp1b"
"591","1400","GEOM",2.875,0.375,"x77","Exp1b"
"592","280","GEOM",-0.375,1.00778222,"x78","Exp1b"
"593","1400","GEOM",1.5,0.8291562,"x78","Exp1b"
"594","280","ISO",-2.375,1.125,"x78","Exp1b"
"595","1400","ISO",9.875,2.85317805,"x78","Exp1b"
"596","1400","GEOM",2.25,1.3462912,"x78","Exp1b"
"597","280","GEOM",-2.5,1.03077641,"x78","Exp1b"
"598","1400","ISO",1.25,1.03077641,"x78","Exp1b"
"599","280","ISO",-5.25,1.11803399,"x78","Exp1b"
"600","280","GEOM",-1.75,0.8291562,"x78","Exp1b"
"601","1400","ISO",1.5,1.03077641,"x78","Exp1b"
"602","280","ISO",-2.25,0.55901699,"x78","Exp1b"
"603","1400","GEOM",2.75,0.93541435,"x78","Exp1b"
"604","280","GEOM",-0.125,0.71807033,"x78","Exp1b"
"605","1400","GEOM",1.625,0.80039053,"x78","Exp1b"
"606","280","ISO",-3.625,1.00778222,"x78","Exp1b"
"607","1400","ISO",-0.25,1.3462912,"x78","Exp1b"
"608","1400","ISO",-0.75,0.55901699,"x78","Exp1b"
"609","280","ISO",-4.625,1.28086885,"x78","Exp1b"
"610","280","GEOM",0.75,0.55901699,"x78","Exp1b"
"611","1400","GEOM",2.25,1.03077641,"x78","Exp1b"
"612","1400","ISO",-0.625,1.32876823,"x78","Exp1b"
"613","280","ISO",-5.25,0.93541435,"x78","Exp1b"
"614","1400","GEOM",1.5,0.70710678,"x78","Exp1b"
"615","280","GEOM",-2.625,1.00778222,"x78","Exp1b"
"616","1400","ISO",8,3.74165739,"x78","Exp1b"
"617","1400","GEOM",1.125,0.5153882,"x78","Exp1b"
"618","280","ISO",-4.875,0.80039053,"x78","Exp1b"
"619","280","GEOM",-1,0.55901699,"x78","Exp1b"
"660","280","ISO",-6.25,1.11803399,"z98","Exp1b"
"661","1400","GEOM",-2.75,0.96824584,"z98","Exp1b"
"662","280","GEOM",-2,0.61237244,"z98","Exp1b"
"663","280","GEOM",-3.125,0.9437293,"z98","Exp1b"
"664","280","ISO",-8.875,1.46308749,"z98","Exp1b"
"665","1400","ISO",-3.125,1.125,"z98","Exp1b"
"666","1400","GEOM",-1.25,1.36930639,"z98","Exp1b"
"667","280","GEOM",-2.5,1.11803399,"z98","Exp1b"
"668","280","ISO",-8.5,0.55901699,"z98","Exp1b"
"669","1400","GEOM",-0.625,1.17924764,"z98","Exp1b"
"670","1400","ISO",-4.75,1.27475488,"z98","Exp1b"
"671","280","GEOM",-6.5,0.96824584,"z98","Exp1b"
"672","280","ISO",-8,0.96824584,"z98","Exp1b"
"673","1400","ISO",-3.875,0.71807033,"z98","Exp1b"
"674","1400","GEOM",0.625,0.375,"z98","Exp1b"
"675","1400","ISO",-3.375,1.90804219,"z98","Exp1b"
"676","280","GEOM",-3.5,1.22474487,"z98","Exp1b"
"677","280","ISO",-6.5,0.96824584,"z98","Exp1b"
"678","1400","GEOM",-1.5,1.47901995,"z98","Exp1b"
"679","1400","GEOM",-1.125,0.80039053,"z98","Exp1b"
"680","280","GEOM",-2.75,1.22474487,"z99","Exp1b"
"681","280","ISO",-3.875,0.375,"z99","Exp1b"
"682","1400","ISO",-3.875,1.03832798,"z99","Exp1b"
"683","1400","GEOM",-3.375,0.80039053,"z99","Exp1b"
"684","1400","ISO",-5.625,0.5153882,"z99","Exp1b"
"685","280","GEOM",-1.625,0.71807033,"z99","Exp1b"
"686","280","ISO",-8,1.62018517,"z99","Exp1b"
